question,model_answer,real_answer,model_answer_value,real_answer_value
"Natalia sold clips to 48 of her friends in April, and then she sold half as many clips in May. How many clips did Natalia sell altogether in April and May?","[' In April she sold 48 clips.\nIn May she sold 24 clips.\nIn total, she sold 72 clips.\nIn April she sold 48 clips.\nSo, 48 clips in total.\nIn May she sold 24 clips.\nSo, 72 clips in total.\nThe answer is 72\n\nA:', "" Let x be the number of clips Natalia sold in April.\nLet y be the number of clips Natalia sold in May.\nWe know that 48 of Natalia's friends bought clips in April.\nWe also know that 48 of her friends bought clips in May.\nWe know that the total number of clips Natalia sold is 48 + (48/2) = 48 + 24 = <<48/2=24>>48 + 24 = <<48/2=24>>72 clips.\nWe also know that x + y = <<"", ' Natalia sold 48 clips in April and 24 clips in May.\nThe answer is 72\n\nA:']","Natalia sold 48/2 = <<48/2=24>>24 clips in May.
Natalia sold 48+24 = <<48+24=72>>72 clips altogether in April and May.
The answer is 72",72.0,72.0
"Weng earns $12 an hour for babysitting. Yesterday, she just did 50 minutes of babysitting. How much did she earn?","[' Weng earned $12 * 50 minutes = $600.\nThe answer is 600\n\nQ:', ' If she did 50 minutes of babysitting, then she earned 50 minutes * 12 dollars an hour = <<50*12=600>>600 dollars.\nIf she did 50 minutes of babysitting, then she earned 50 minutes * 12 dollars an hour = <<50*12=600>>600 dollars.\nThe answer is 600', ' If she did 50 minutes of babysitting yesterday, she earned 50 minutes * 12 dollars = 600 dollars.\nThe answer is 600\n\nQ:']","Weng earns 12/60 = $<<12/60=0.2>>0.2 per minute.
Working 50 minutes, she earned 0.2 x 50 = $<<0.2*50=10>>10.
The answer is 10",600.0,10.0
"Betty is saving money for a new wallet which costs $100. Betty has only half of the money she needs. Her parents decided to give her $15 for that purpose, and her grandparents twice as much as her parents. How much more money does Betty need to buy the wallet?","[' Betty needs to save $100 to buy the wallet. Her parents give her $15, and her grandparents give her $45.\nSo, Betty has $60 to save.\nLet x be the amount of money Betty has to save.\nSo, $60 = 15 + 45*x.\n$60 = 15 + 30*x.\n$60 = 15 + 30 * <<1.5=1.5>>1.5.\n$60 = 15 + 30 * 2.\n$60 = 30 * 2 + 15', ' Let x be the amount of money Betty has saved.\nThe parents gave her $15.\nThe grandparents gave her $45.\nThe grandparents gave her $45.\nThe parents gave her $15.\nThe grandparents gave her $45.\nThe parents gave her $15.\nThe grandparents gave her $45.\nThe parents gave her $15.\nThe grandparents gave her $45.\nThe parents gave her $15.\nThe grandparents gave her $45.\nThe parents gave her $15.\nThe grandparents gave her', ' Let x be the amount of extra dollars Betty needs.\nThe parents give Betty 15 dollars, and the grandparents give Betty 30 dollars.\nSo, Betty has 15 + 30 = 45 dollars.\nThe wallet costs 100 dollars, so Betty needs 45 dollars + x dollars = 100 dollars\nSo, x = 100 - 45 = <<45-100=15>>15 dollars.\nThe answer is 15\n\nQ:']","In the beginning, Betty has only 100 / 2 = $<<100/2=50>>50.
Betty's grandparents gave her 15 * 2 = $<<15*2=30>>30.
This means, Betty needs 100 - 50 - 30 - 15 = $<<100-50-30-15=5>>5 more.
The answer is 5",15.0,5.0
"Julie is reading a 120-page book. Yesterday, she was able to read 12 pages and today, she read twice as many pages as yesterday. If she wants to read half of the remaining pages tomorrow, how many pages should she read?","[' If she reads half of the remaining pages tomorrow, she needs to read half of 120 pages, or 60 pages. She read 12 pages yesterday and 24 today, so she has read a total of 36 pages. If she wants to read half of the remaining pages tomorrow, she needs to read half of the remaining pages, or 60 pages. So, she needs to read 36 + 60 = <<36+60=108>>108 pages.\nThe answer is 108\n\nA:', ' If we let x be the number of pages she reads today, we know that the number of pages she read yesterday was x/2.\nSo, 120 pages - x = 12 pages.\nAnd, 120 pages - 2x = 12 pages.\nSo, 120 - 12 = 108 pages.\nAnd, 2x = 108 pages.\nAnd, x = <<120-12=108>>108 pages.\nSo, x = <<120-12=108>>108 pages.\nAnd, x = <<120-12=108>>108', ' The number of pages she read yesterday is 12 pages.\nThe number of pages she read today is 24 pages.\nThe number of pages she read yesterday plus the number of pages she read today is 120 pages.\nThe number of pages she read yesterday is 120 pages - 12 pages.\nThe number of pages she read today is 120 pages - 12 pages.\nThe number of pages left is <<120-12=108>>108 pages.\nIf she wants to read half of the remaining pages tomorrow, then she will have']","Maila read 12 x 2 = <<12*2=24>>24 pages today.
So she was able to read a total of 12 + 24 = <<12+24=36>>36 pages since yesterday.
There are 120 - 36 = <<120-36=84>>84 pages left to be read.
Since she wants to read half of the remaining pages tomorrow, then she should read 84/2 = <<84/2=42>>42 pages.
The answer is 42",108.0,42.0
"Mark has a garden with flowers. He planted plants of three different colors in it. Ten of them are yellow, and there are 80% more of those in purple. There are only 25% as many green flowers as there are yellow and purple flowers. How many flowers does Mark have in his garden?","[' Let x be the number of yellow flowers, y be the number of purple flowers, and z be the number of green flowers.\nWe know that there are 80% more yellow flowers than purple flowers, so y/x is 80%.\nWe know that there are only 25% as many green flowers as there are yellow and purple flowers, so z/x is 1/4.\nWe also know that there are 10 yellow flowers, so x = 10.\nWe know that there are 10 purple flowers, so y = 10 * 80%', ' Let x be the number of yellow flowers.\nLet y be the number of purple flowers.\nLet z be the number of green flowers.\nWe know that there are 10 yellow flowers and 80 more purple flowers.\nSo, 10 + 80x = 80x.\nAnd, 10 + 80x = 10 + 80x.\nThus, 80x = 10.\nSo, x = <<10/10=1/5>>1/5.\nWe also know that there are 10 yellow flowers and 80% more of them in purple', "" The total number of flowers in Mark's garden is 10 yellow + 80% more of the yellow flowers = <<10 + 0.8 * 10 = 12>>12 yellow flowers.\nThe total number of flowers in Mark's garden is 12 yellow + 80% more of the yellow flowers + 25% as many green flowers as there are yellow and purple flowers = <<12 + 0.8 * 12 = 16>>16 yellow flowers.\nThe total number of flowers in Mark's garden is 16 yellow + 80% more of the""]","There are 80/100 * 10 = <<80/100*10=8>>8 more purple flowers than yellow flowers.
So in Mark's garden, there are 10 + 8 = <<10+8=18>>18 purple flowers.
Purple and yellow flowers sum up to 10 + 18 = <<10+18=28>>28 flowers.
That means in Mark's garden there are 25/100 * 28 = <<25/100*28=7>>7 green flowers.
So in total Mark has 28 + 7 = <<28+7=35>>35 plants in his garden.
The answer is 35",80.0,35.0
"Albert is wondering how much pizza he can eat in one day. He buys 2 large pizzas and 2 small pizzas. A large pizza has 16 slices and a small pizza has 8 slices. If he eats it all, how many pieces does he eat that day?","[' Albert eats 2 large pizzas in one day.\nEach large pizza has 16 slices.\nSo, he eats 16 slices in one day.\nAlbert also eats 2 small pizzas in one day.\nEach small pizza has 8 slices.\nSo, he eats 8 slices in one day.\nSo, Albert eats 16 slices + 8 slices = 24 slices in one day.\n24 slices in one day = <<24=24>> 24 slices in a day.\nSo, Albert eats 24 slices in one', ' Albert can eat 2 large pizzas and 2 small pizzas in one day.\nA large pizza is 16 slices.\nA small pizza is 8 slices.\nSo, Albert eats 2 * 16 + 2 * 8 = <<16+8=24>>24 slices.\nThe answer is 24\n\nA:', ' Albert eats 2 large pizzas and 2 small pizzas.\nA large pizza is made up of 16 slices.\nA small pizza is made up of 8 slices.\nAlbert eats 16 + 8 = <<24>>24 slices of pizza.\nThe answer is 24\n\nQ:']","He eats 32 from the largest pizzas because 2 x 16 = <<2*16=32>>32
He eats 16 from the small pizza because 2 x 8 = <<2*8=16>>16
He eats 48 pieces because 32 + 16 = <<32+16=48>>48
The answer is 48",24.0,48.0
"Ken created a care package to send to his brother, who was away at boarding school.  Ken placed a box on a scale, and then he poured into the box enough jelly beans to bring the weight to 2 pounds.  Then, he added enough brownies to cause the weight to triple.  Next, he added another 2 pounds of jelly beans.  And finally, he added enough gummy worms to double the weight once again.  What was the final weight of the box of goodies, in pounds?","[' The first 2 pounds of jelly beans weigh 2 pounds.\nThe second 2 pounds weighs 2 pounds.\nThe third 2 pounds weighs 4 pounds.\nThe final weight is 2 pounds + 2 pounds + 4 pounds = <<2+2+4=8>>8 pounds.\nThe answer is 8\n\nA:', ' The weight of the box was 2 pounds, and the weight of the jelly beans was 2 pounds.\nThe weight of all the jelly beans is 2 + 2 = <<2+2=4>>4 pounds.\nThe weight of all the brownies was 4 pounds.\nThe weight of all the jelly beans is 4 pounds.\nThe weight of all the gummy worms is 4 pounds.\nSo, the final weight of the box of goodies was <<2+2+2=8>>8 pounds.\nThe answer is 8']","To the initial 2 pounds of jelly beans, he added enough brownies to cause the weight to triple, bringing the weight to 2*3=<<2*3=6>>6 pounds.
Next, he added another 2 pounds of jelly beans, bringing the weight to 6+2=<<6+2=8>>8 pounds.
And finally, he added enough gummy worms to double the weight once again, to a final weight of 8*2=<<8*2=16>>16 pounds.
The answer is 16",8.0,16.0
"Alexis is applying for a new job and bought a new set of business clothes to wear to the interview. She went to a department store with a budget of $200 and spent $30 on a button-up shirt, $46 on suit pants, $38 on a suit coat, $11 on socks, and $18 on a belt. She also purchased a pair of shoes, but lost the receipt for them. She has $16 left from her budget. How much did Alexis pay for the shoes?","[' Let p be the price of the shoes.\nWe know that the total cost of the suit is $30 + 46 + 38 + 11 + 18 = $105.\nWe also know that the total cost of the clothes is $30 + 46 + 38 + 11 = $97.\nIf we add the cost of the suit and the clothes, it equals the total cost of $105 + 97 = <<105+97=216>>216.\nThus, 216 = 105 + p.\nFinally, p=$<<2', ' Alexis has $16 left from her budget. She bought a button-up shirt for $30, a suit coat for $38, a pair of socks for $11, and a belt for $18. The total cost of her clothes is $<<30+38+11+18=97>>97. She spent $200, so she spent $<<97-200=-97>>97 on the shoes. The shoes cost $<<97-97=2>>2.\nThe answer is 2\n\nA:']","Let S be the amount Alexis paid for the shoes.
She spent S + 30 + 46 + 38 + 11 + 18 = S + <<+30+46+38+11+18=143>>143.
She used all but $16 of her budget, so S + 143 = 200 - 16 = 184.
Thus, Alexis paid S = 184 - 143 = $<<184-143=41>>41 for the shoes.
The answer is 41",2.0,41.0
"Tina makes $18.00 an hour.  If she works more than 8 hours per shift, she is eligible for overtime, which is paid by your hourly wage + 1/2 your hourly wage.  If she works 10 hours every day for 5 days, how much money does she make?","[' Let w be the wage rate.\nIf she works 8 hours, she makes w * 8 hours = <<18*8=144>>144.\nIf she works more than 8 hours, then she is eligible for overtime, which is w + 1/2 * w * (10 hours - 8 hours) = <<18+(1/2*18)*(10-8)>>18 + (1/2*18)*(10-8).\nIf she works 10 hours every day for 5 days, then she works', ' Let h be the hourly wage.\nLet x be the number of hours worked.\nLet y be the number of days worked.\nLet t be the overtime rate.\nLet z be the total number of hours worked.\nWe know that Tina makes $18.00 an hour, so h = 18.00.\nWe know that Tina works 10 hours per day, so x = 10 hours.\nWe know that Tina works 5 days per week, so y = 5 days.\nWe know that Tina is']","She works 8 hours a day for $18 per hour so she makes 8*18 = $<<8*18=144.00>>144.00 per 8-hour shift
She works 10 hours a day and anything over 8 hours is eligible for overtime, so she gets 10-8 = <<10-8=2>>2 hours of overtime
Overtime is calculated as time and a half so and she makes $18/hour so her overtime pay is 18*.5 = $<<18*.5=9.00>>9.00
Her overtime pay is 18+9 = $<<18+9=27.00>>27.00
Her base pay is $144.00 per 8-hour shift and she works 5 days and makes 5 * $144 = $<<144*5=720.00>>720.00
Her overtime pay is $27.00 per hour and she works 2 hours of overtime per day and makes 27*2 = $<<27*2=54.00>>54.00 in overtime pay
2 hours of overtime pay for 5 days means she makes 54*5 = $270.00
In 5 days her base pay is $720.00 and she makes $270.00 in overtime pay so she makes $720 + $270 = $<<720+270=990.00>>990.00
The answer is 990",5.0,990.0
"A deep-sea monster rises from the waters once every hundred years to feast on a ship and sate its hunger. Over three hundred years, it has consumed 847 people. Ships have been built larger over time, so each new ship has twice as many people as the last ship. How many people were on the ship the monster ate in the first hundred years?","[' The monster ate the ship in the first hundred years, and the ship had 847 people on it.\nOver the next three hundred years, the monster ate the ship, and the next ship had twice as many people on it, so the ship had 847 * 2 people on it.\nOver the next three hundred years, the monster ate the ship, and the next ship had twice as many people on it, so the ship had 847 * 2 * 2 people on it.\nOver the next three hundred years', ' The first ship had 847 people on it.\nThe second ship had 847 * 2 people on it.\nThe third ship had 847 * 2 * 2 people on it.\nThe fourth ship had 847 * 2 * 2 * 2 people on it.\nThe fifth ship had 847 * 2 * 2 * 2 * 2 people on it.\nThe sixth ship had 847 * 2 * 2 * 2 * 2 * 2 people on it.\nThe seventh ship had 847 * 2 * 2 * 2 * 2 * 2 *', ' The first ship had 847 people.\nThe second ship had 847 * 2 people.\nThe third ship had 847 * 2 * 2 people.\nThe fourth ship had 847 * 2 * 2 * 2 people.\nThe fifth ship had 847 * 2 * 2 * 2 * 2 people.\nThe sixth ship had 847 * 2 * 2 * 2 * 2 * 2 people.\nThe seventh ship had 847 * 2 * 2 * 2 * 2 * 2 * 2 people.\nThe eighth ship had 847 * 2 * 2']","Let S be the number of people on the first hundred years’ ship.
The second hundred years’ ship had twice as many as the first, so it had 2S people.
The third hundred years’ ship had twice as many as the second, so it had 2 * 2S = <<2*2=4>>4S people.
All the ships had S + 2S + 4S = 7S = 847 people.
Thus, the ship that the monster ate in the first hundred years had S = 847 / 7 = <<847/7=121>>121 people on it.
The answer is 121",2.0,121.0
"Tobias is buying a new pair of shoes that costs $95. He has been saving up his money each month for the past three months. He gets a $5 allowance a month. He also mows lawns and shovels driveways. He charges $15 to mow a lawn and $7 to shovel. After buying the shoes, he has $15 in change. If he mows 4 lawns, how many driveways did he shovel?","[' Let x be the number of driveways shoveled.\nWe know that he has $15 change, so he spent $95 - 15 = $80 on the shoes.\nHe also spent $15 on 4 lawn mowing jobs.\nHe spent $7 on shoveling x driveways.\nThus, $80 = 15 + 4 * 15 + x * 7\n$80 = 15 + 4 * 15 + x * 7.\n$80 = 15 + 4 * 15 + <<4 * 7=28>>', ' He has $15 in change, which means he spent $85.\nThe shoes cost $95, which means he spent $85 + $95 = <<95-85=20>>20 on lawns and shovels.\nHe mows 4 lawns, so he spent <<4*4=16>>16 on lawns.\nThe shovels cost $7, so he spent <<4*4=16>>16 + <<7*4=28>>28 on shovels.\nThe answer is 28\n\nA:']","He saved up $110 total because 95 + 15 = <<95+15=110>>110
He saved $15 from his allowance because 3 x 5 = <<3*5=15>>15
He earned $60 mowing lawns because 4 x 15 = <<4*15=60>>60
He earned $35 shoveling driveways because 110 - 60 - 15 = <<110-60-15=35>>35
He shoveled 5 driveways because 35 / 7 = <<35/7=5>>5
The answer is 5",28.0,5.0
Randy has 60 mango trees on his farm. He also has 5 less than half as many coconut trees as mango trees. How many trees does Randy have in all on his farm?,"[' The number of mango trees is 60 and coconut trees is 5 less than half as many as mango trees, so the number of mango trees is 5 more than half as many as coconut trees.\nThe number of coconut trees is 5 more than half as many as mango trees.\nSo, 5 more than half as many as mango trees = 5 more than half of the number of mango trees.\nSo, 5 more than half of 60 mango trees = 5 more than half of 60.\nSo,', ' The number of mango trees is 60.\nThe number of coconut trees is 5 less than half as many as the number of mango trees.\nSo, the number of coconut trees is 5 * (1/2) * 60 = <<5*(1/2)*60=60>>60 coconut trees.\nThe answer is 60\n\nQ:', ' The number of coconut trees is 5 less than half as many as mango trees, which is equivalent to 5 mango trees.\nThus, the number of mango trees is 60 mango trees + 5 mango trees = <<60+5=65>>65 trees.\nThe number of coconut trees is 5 mango trees, which means there are 5 mango trees less than half as many coconut trees.\nThus, the number of coconut trees is 65 - 5 mango trees = <<65-5=60>>60 trees']","Half of the number of Randy's mango trees is 60/2 = <<60/2=30>>30 trees.
So Randy has 30 - 5 = <<30-5=25>>25 coconut trees.
Therefore, Randy has 60 + 25 = <<60+25=85>>85 treeson his farm.
The answer is 85",60.0,85.0
"Jasper will serve charcuterie at his dinner party. He buys 2 pounds of cheddar cheese for $10, a pound of cream cheese that cost half the price of the cheddar cheese, and a pack of cold cuts that cost twice the price of the cheddar cheese. How much does he spend on the ingredients?","[' Let x be the cost of a pound of cheddar cheese.\nLet y be the cost of a pound of cream cheese.\nLet z be the cost of a pack of cold cuts.\nWe know that the cost of the cheddar cheese is 2 * x.\nWe also know that the cost of the cream cheese is x/2.\nWe also know that the cost of the cold cuts is 2 * z.\nThe cost of the charcuterie is 2 * x + x/2 + 2', ' Let x be the price of a pound of cheddar cheese.\nWe know the cheddar cheese cost $10.\nWe also know the cream cheese cost x/2.\nWe know the cold cuts cost 2x.\nThe total cost is $10 + x/2 + 2x.\nThe total cost is $10 + x + x.\nSo, $10 + x + x = 10 + 2x.\nSo, $10 + x + x = 20x.\nFinally, x=$<<2=2>>2.\nThe answer is 2']","A pound of cream cheese cost $10 / 2 = $<<10/2=5>>5.
A pack of cold cuts cost $10 x 2 = $<<10*2=20>>20.
Jasper spent $10 + $5 + $20 = $<<10+5+20=35>>35 on the ingredients.
The answer is 35",2.0,35.0
Joy can read 8 pages of a book in 20 minutes. How many hours will it take her to read 120 pages?,"[' Let p be the number of pages per hour.\n120 pages = 8 pages * <<120/80=>>2 hours\n120 pages = 8 pages * <<2 hours\n120 pages = 8 * p\n120 pages = 8 * <<120/80=>>2\n120 pages = 8 * p * <<2\n120 pages = 8 * p * <<2\n120 pages = 8 * p\n120 pages = 8 * p * <<2\n120 pages = 8 * p * <<', ' Let t be the time in hours.\nWe know that 8 pages can be read in 20 minutes, which is 8 * 20 = 160 minutes.\nThus, 160 minutes = t * 20 minutes.\nThus, t = <<160 / 20 = 8>>8.\nThe answer is 8 hours.\n\nQ:', ' 120 pages / 8 pages per minute = <<120/8=>>15 minutes per page\n120 minutes / 15 minutes per minute = <<120/15=>>8 hours\nThe answer is 8\n\nQ:']","In one hour, there are 3 sets of 20 minutes.
So, Joy can read 8 x 3 = <<8*3=24>>24 pages in an hour.
It will take her 120/24 = <<120/24=5>>5 hours to read 120 pages.
The answer is 5",8.0,5.0
James creates a media empire.  He creates a movie for $2000.  Each DVD cost $6 to make.  He sells it for 2.5 times that much.  He sells 500 movies a day for 5 days a week.  How much profit does he make in 20 weeks?,"[' Let x be the number of DVDs he sells in a day.  Then, x = 500 DVDs.\nLet y be the number of DVDs he sells in 20 weeks.\ny = 500 DVDs * 5 days a week * 20 weeks = <<500*5*20>>10000 DVDs.\nLet z be the number of DVDs he sells at the regular price.\nz = <<2.5x>>10000 DVDs.\nThen, z = 2.5x.\nAnd, x =', ' Let p be the profit per DVD.\nWe know that the profit per DVD is 2.5*p.\nWe know that he sells 500 movies a day for 5 days a week.\nSo, 500 * 2.5*p = 5*p * 5.\nSo, 500 * 2.5*p = 5*p * 5.\nSo, 2.5*p = 5*p * 5.\nSo, p = <<2.5 = 5/5>>2.5.\nThe answer is 2.5', ' He sells 500 DVDs a day for 5 days a week, so he sells 2500 DVDs a week.\nHe sells 2500 DVDs for 2.5 times that much, which is 5000 DVDs.\nSo, 5000 DVDs * 6 DVDs = 30,000.\nAnd, 30,000 DVDs * 20 weeks = 600,000.\nAnd, 600,000 DVDs * 2.5 times that much = 1500,000.\nAnd, 1500,000 DVDs * 2.5']","He sold each DVD for 6*2.5=$<<6*2.5=15>>15
So he makes a profit of 15-6=$<<15-6=9>>9
So each day he makes a profit of 9*500=$<<9*500=4500>>4500
So he makes 4500*5=$<<4500*5=22500>>22,500
He makes 22,500*20=$<<22500*20=450000>>450,000
Then after the cost of creating the movie he has a profit of 450,000-2000=$<<450000-2000=448000>>448,000
The answer is 448000",2.5,448000.0
"The profit from a business transaction is shared among 2 business partners, Mike and Johnson in the ratio 2:5 respectively. If Johnson got $2500, how much will Mike have after spending some of his share on a shirt that costs $200?","[' Johnson got $2500, and Mike got (2500 / 2) + (2500 / 5) = (2500 / 2) + (1000 / 5) = (2500 / 2) + (500 / 5).\nSo, Mike got (2500 / 2) + (500 / 5) = (2500 / 2) + (500 / 10) = (2500 / 2) + (500 / 20) = (2500 / 2) + (250 / 20).\nThus, Mike got $250', ' Mike will have (2500 - 200) / 5 = <<2500-200=2450>>2450 / 5 = <<2450/5=500>>500 / 2 = <<500/2=250>>250 dollars.\nThe answer is 250\n\nA:']","According to the ratio, for every 5 parts that Johnson gets, Mike gets 2 parts
Since Johnson got $2500, each part is therefore $2500/5 = $<<2500/5=500>>500
Mike will get 2*$500 = $<<2*500=1000>>1000
After buying the shirt he will have $1000-$200 = $<<1000-200=800>>800 left
The answer is 800",250.0,800.0
"In a truck, there are 26 pink hard hats, 15 green hard hats, and 24 yellow hard hats.  If Carl takes away 4 pink hard hats, and John takes away 6 pink hard hats and twice as many green hard hats as the number of pink hard hats that he removed, then calculate the total number of hard hats that remained in the truck.","[' Carl removed 4 pink hard hats and John removed 6 pink hats and twice as many green hard hats as the number of pink hard hats that he removed.\nSo, Carl removed 4 pink hats and John removed 6 pink hats and twice the amount of green hats that he removed.\nSo, Carl removed 4 hats and John removed 6 hats and twice as many hats as he removed.\nSo, Carl removed 4 hats and John removed 6 hats and twice as', ' Carl took away 4 pink hard hats, and John took away 6 pink hard hats and twice as many green hard hats as the number of pink hard hats he removed.\nSo, Carl took away 4 pink hard hats and John took away 6 pink hard hats and twice as many green hard hats as the number of pink hats he removed.\nSo, Carl removed 4 pink hats and John removed 6 pink hats and twice as many green hats as the number of']","If there were 26 pink hard hats and Carl took away 4 pink hard hats, the number of pink hard hats that remained is 26-4 = <<26-4=22>>22
John also took away 6 pink hard hats, leaving 22-6 = <<22-6=16>>16 pink hard hats in the truck.
If John also took twice as many green hard hats as pink hard hats, he took 2*6 = <<6*2=12>>12 green hard hats.
The total number of green hard hats that remained in the truck is 15-12 = <<15-12=3>>3
In the truck, after some are taken, there were 3 green hard hats + 16 pink hard hats = <<3+16=19>>19 hard hats in the truck.
Altogether, 19 green and pink hard hats + 24 yellow hards hats = <<19+24=43>>43 hard hats remained in the truck
The answer is 43",6.0,43.0
It takes Roque two hours to walk to work and one hour to ride his bike to work. Roque walks to and from work three times a week and rides his bike to and from work twice a week. How many hours in total does he take to get to and from work a week with walking and biking?,"[' Roque walks to and from work three times a week, so he walks to work three times a week and walks home three times a week.\nRoque rides his bike to and from work twice a week, so he rides his bike to work twice a week and rides his bike home two times a week.\nRoque takes three hours walking and two hours riding a week.\nRoque takes six hours a week.\nThe answer is 6\n\nA:', ' Roque walks to and from work 3 times a week and rides his bike to and from work 2 times a week.\nRoque takes 2 hours to walk to work and 1 hour to bike to work.\nRoque walks to and from work 3 times a week and rides his bike to and from work 2 times a week.\nRoque takes 3 * 2 + 2 * 1 = <<3*2+2*2=6>>6 hours in total to go to work.\nThe answer is 6\n\nQ:', ' Roque walks to work 3 days a week and bikes to work 2 days a week.\nRoque walks to work for 2 hours a day.\nRoque bikes to work for 1 hour a day.\nSo, Roque walks to work 3 days a week for 2 hours a day for a total of 6 hours.\nRoque bikes to work 2 days a week for 1 hour a day for a total of 2 hours.\nSo, Roque walks to and from work 3 days a week for 6 hours a week for']","Roque takes 2*3 = <<2*3=6>>6 hours a week to walk to work.
Roque takes 6*2 = <<6*2=12>>12 hours a week to walk to and from work.
Roque takes 1*2 = <<1*2=2>>2 hours a week to bike to work.
Roque takes 2*2 = <<2*2=4>>4 hours a week to bike to and from work.
In total, Roque takes 12+4 = <<12+4=16>>16 hour a week to go to and from work.
The answer is 16",6.0,16.0
Tim rides his bike back and forth to work for each of his 5 workdays.  His work is 20 miles away.  He also goes for a weekend bike ride of 200 miles.    If he can bike at 25 mph how much time does he spend biking a week?,"[' The distance he travels in a week is 200 miles + 20 miles + (5 days * 20 miles) = <<200+20*5=250>>250 miles.\nHe rides at a speed of 25 mph, so the time he spends biking a week is 250 miles / 25 mph = <<250/25= 8>>8 hours.\nThe answer is 8\n\nQ:', ' He spends 20 miles each way for 5 workdays, and 200 miles for a weekend ride, so he spends a total of 20 miles * 5 days + 200 miles = <<20*5 + 200=205>>205 miles a week.\n205 miles a week / 25 mph = <<205 / 25 = 8>>8 hours a week.\nThe answer is 8 hours\n\nQ:']","He bikes 20*2=<<20*2=40>>40 miles each day for work
So he bikes 40*5=<<40*5=200>>200 miles for work
That means he bikes a total of 200+200=<<200+200=400>>400 miles for work
So he bikes a total of 400/25=<<400/25=16>>16 hours
The answer is 16",8.0,16.0
"Bella bought stamps at the post office. Some of the stamps had a snowflake design, some had a truck design, and some had a rose design. Bella bought 11 snowflake stamps. She bought 9 more truck stamps than snowflake stamps, and 13 fewer rose stamps than truck stamps. How many stamps did Bella buy in all?","[' Let x be the number of snowflake stamps, y be the number of truck stamps, and z be the number of rose stamps.\nWe can write the number of snowflake stamps as 11 + 9x + 13y.\nWe can write the number of truck stamps as 9x + 9 + 13y.\nWe can write the number of truck stamps as 11 + 13z.\nSubtracting 11 from both sides, we get 9x + 13y =', ' Let n be the number of snowflake stamps, m be the number of truck stamps, and r be the number of rose stamps.\nWe know that the number of snowflake stamps purchased is 11, and the number of truck stamps purchased is 9 more than the number of snowflake stamps, so n + 9 = 11.\nWe know that the number of truck stamps purchased is 13 less than the number of rose stamps purchased, so m - 13', ' Let x be the number of snowflake stamps, y be the number of truck stamps, z be the number of rose stamps, and n be the total number of stamps bought.\nWe know that the total cost of stamps is $11 + 9 + 13 = <<11+9+13=36>>36.\nThe cost of snowflake stamps is 11 * x.\nThe cost of truck stamps is 9 * y.\nThe cost of rose stamps is 13']","The number of truck stamps is 11 + 9 = <<11+9=20>>20.
The number of rose stamps is 20 − 13 = <<20-13=7>>7.
Bella bought 11 + 20 + 7 = <<11+20+7=38>>38 stamps in all.
The answer is 38",13.0,38.0
"Each bird eats 12 beetles per day, each snake eats 3 birds per day, and each jaguar eats 5 snakes per day. If there are 6 jaguars in a forest, how many beetles are eaten each day?","[' Each bird eats 12 beetles per day, so each day, 12 beetles are eaten by birds.\nEach snake eats 3 birds per day, so each day, 3 birds are eaten by snakes.\nEach jaguar eats 5 snakes per day, so each day, 5 snakes are eaten by jaguars.\nIf there are 6 jaguars in the forest, then each day, 6 * 5 = 30 snakes are eaten by jaguars.\nSo, 30', ' Let x be the number of beetles eaten per day.\nWe know that each bird eats 12 beetles per day.\nWe also know that each snake eats 3 birds per day.\nWe also know that each jaguar eats 5 snakes per day.\nWe know that there are 6 jaguars in the forest, so there are 6*5 snakes per day.\nThus, x = <<6*5=30>>30 beetles per day.\nThe answer is 30\n\nA:']","First find the total number of snakes eaten: 5 snakes/jaguar * 6 jaguars = <<5*6=30>>30 snakes
Then find the total number of birds eaten per day: 30 snakes * 3 birds/snake = <<30*3=90>>90 snakes
Then multiply the number of snakes by the number of beetles per snake to find the total number of beetles eaten per day: 90 snakes * 12 beetles/snake = <<90*12=1080>>1080 beetles
The answer is 1080",30.0,1080.0
"Samantha’s last name has three fewer letters than Bobbie’s last name. If Bobbie took two letters off her last name, she would have a last name twice the length of Jamie’s. Jamie’s full name is Jamie Grey. How many letters are in Samantha’s last name?","["" Samantha's last name is shorter by three letters than Bobbie's. So Bobbie's last name is 3 letters longer than Samantha's. Bobbie's last name is 3 letters longer than Jamie's. So Jamie's name is 3 letters longer than Bobbie's. Jamie's name is 3 letters longer than Samantha's.\nThus, Samantha's name has 3 letters less than Jamie's name. So Samantha's name is 3 letters shorter than Jamie's name.\nThe answer is 3\n\nA:"", "" The last name of Jamie is Grey. So, the last name of Jamie is twice as long as the last name of Bobbie. So, the last name of Bobbie is twice as long as the last name of Samantha.\nThe last name of Bobbie is twice the length of Jamie's last name, so the last name of Samantha is half the length of the last name of Bobbie.\nThe last name of Samantha has 3 fewer letters than the last name of Bobbie, so the last""]","There are 4 letters in Jamie’s last name, so Bobbie’s name is 4*2 +2 = <<4*2+2=10>>10 letters long.
Samantha’s last name is 3 letters shorter than Bobbie’s, so there are 10 - 3 = <<10-3=7>>7 letters in Samantha’s last name.
The answer is 7",3.0,7.0
"Ann's favorite store was having a summer clearance. For $75 she bought 5 pairs of shorts for $7 each and 2 pairs of shoes for $10 each. She also bought 4 tops, all at the same price. How much did each top cost?","[' The total cost of the shorts is $7*5 = 35.\nThe total cost of the shoes is $10*2 = 20.\nThe total cost of the tops is $75 - 35 - 20 = $25.\nThe total cost of all the items is $25 + 35 = 60.\nThe cost of each top is $60/4 = 15.\nThe answer is 15\n\nQ:', ' Let x be the cost of each top.\nThe total cost of the shorts is 5 * $7 = $35.\nThe total cost of the shoes is 2 * $10 = $20.\nThe total cost of the tops and shorts is $75 + 35 = $110.\nThus, $110 = 5*x + 2*x + x.\nAnd, $110 = 7*x + 10*x.\nThus, $110 = 15*x.\nFinally, x=$<<15=15>>15.\nThe answer is', ' Let p be the cost of a top. We know that the shorts cost $7*5, the shoes cost $10*2, the 4 tops all cost the same price.\nWe also know that the total cost is $75 = 7*5 + 10*2 + 4*p.\nThus, $75 = 7*5 + 10*2 + 4*(<<4=4>>4)\nThus, $75 = 15*p.\nThe answer is 15\n\nQ:']","She bought 5 shorts at $7 each so 5*7=$<<5*7=35>>35
She bought 2 pair of shoes at $10 each so 2*10=$<<2*10=20>>20
The shorts and shoes cost her 35+20 = $<<35+20=55>>55
We know she spent 75 total and the shorts and shoes cost $55 which left a difference of 75-55 = $<<75-55=20>>20
She bought 4 tops for a total of $20 so 20/4 = $5
The answer is 5",15.0,5.0
"Mary does her grocery shopping on Saturday. She does her shopping only at a specific store where she is allowed a credit of $100, which must be paid in full before her next shopping trip. That week she spent the full credit limit and paid $15 of it on Tuesday and $23 of it on Thursday. How much credit will Mary need to pay before her next shopping trip?","[' Let c be the amount of credit Mary has left.\nWe know she spent $100 on Saturday, $15 on Tuesday, and $23 on Thursday.\nSo, $100 + 15 + 23 = <<100+15+23=138>>138.\nWe know she has to pay in full before her next shopping trip, so she must pay 138 before her next trip.\nSo, c = <<138-100=38>>38.\nThe answer is 38\n\nA:', ' Let x be the amount she has to pay before her next shopping trip.\nWe know she spent the full credit limit of $100, so x + $100 = <<100+100=200>>200.\nWe also know she paid $15 on Tuesday and $23 on Thursday, so x + $15 + $23 = <<15+23=38>>$38.\nSo, x = <<38-200=-38>>$-38.\nThe answer is $-38$\n\nA:']","So far, Mary has paid back $15 +$23=$<<15+23=38>>38 of the credit.
So she still needs to pay $100-$38=$<<100-38=62>>62
The answer is 62",38.0,62.0
"Ralph is going to practice playing tennis with a tennis ball machine that shoots out tennis balls for Ralph to hit. He loads up the machine with 175 tennis balls to start with. Out of the first 100 balls, he manages to hit 2/5 of them. Of the next 75 tennis balls, he manages to hit 1/3 of them. Out of all the tennis balls, how many did Ralph not hit?","[' Ralph hit 2/5 of the first 100 balls, so he hit 20 balls out of the first 100 balls.\nHe hit 1/3 of the next 75 balls, so he hit 30 balls out of the second 75 balls.\nHe hit 20 balls out of the first 100 balls, and 30 balls out of the second 75 balls.\nSo, he hit 20+30=50 balls out of the 175 balls.\nHe missed 150 balls.\nThe answer is 150\n\nQ:', ' Ralph managed to hit 2/5 of the first 100 balls and he managed to hit 1/3 of the next 75 balls. So, the total number of balls he hit is 2/5 * 100 + 1/3 * 75 = <<100*2+75*1=150>>150 balls out of the 175 total balls.\nThe answer is 150\n\nQ:']","Out of the first 100 balls, Ralph was able to hit 2/5 of them and not able to hit 3/5 of them, 3/5 x 100 = 60 tennis balls Ralph didn't hit.
Out of the next 75 balls, Ralph was able to hit 1/3 of them and not able to hit 2/3 of them, 2/3 x 75 = 50 tennis balls that Ralph didn't hit.
Combined, Ralph was not able to hit 60 + 50 = <<60+50=110>>110 tennis balls Ralph didn't hit.
The answer is 110",150.0,110.0
"Jack is stranded on a desert island. He wants some salt to season his fish. He collects 2 liters of seawater in an old bucket. If the water is 20% salt, how many ml of salt will Jack get when all the water evaporates?","[' The salt concentration of seawater is <<20%=0.20>>20%.\nThe volume of seawater is <<2 liters=2L>>2 liters.\nThe salt concentration of seawater is <<20%=0.20>>20%.\nThe volume of seawater is <<2 liters=2L>>2 liters.\nSo, 2 L * 0.2 = <<2L*.20=0.40>>0.4 L.\nThe answer is 0.4 L\n\n', ' Jack collects 2 liters of seawater in an old bucket.\nLet s be the volume of salt in ml.\nWe know that the water is 20% salt, so the salt is 20% of the volume of the water.\nSo, s = 2 * 20% = <<2*0.2=>>0.4 liters of salt.\nThe answer is 0.4\n\nQ:']","First find how many liters of the seawater are salt: 2 liters * 20% = <<2*20*.01=.4>>.4 liters
Then multiply that amount by 1000 ml/liter to find the number of ml of salt Jack gets: .4 liters * 1000 ml/liter = <<.4*1000=400>>400 ml
The answer is 400",0.4,400.0
"Brennan was researching his school project and had to download files from the internet to his computer to use for reference. After downloading 800 files, he deleted 70% of them because they were not helpful. He downloaded 400 more files but again realized that 3/5 of them were irrelevant. How many valuable files was he left with after deleting the unrelated files he downloaded in the second round?","[' The number of files downloaded in the first round is 400 + 800 * 70% = <<400 + 800*70%=400 + 560=1120>>1120 files.\nThe number of files downloaded in the second round is 400 + 800 * 3/5 = <<400 + 800* 3/5=400 + 320=720>>720 files.\nThe total number of valuable files is 1120 - 720 = <<1120 - 720=400>>400 files.\nThe answer is 400\n\nA:', ' Let x be the number of valuable files he had left after deleting the first round of files.\nLet y be the number of files he downloaded in the second round.\nWe know that the first 800 files were downloaded for free, so 800*x files were downloaded.\nWe know that 70% were deleted in the first round, so 700*x files were left.\nWe know that 3 out of 5 files were deleted in the second round, so 300*x files were left.\nWe know that 400 more files were downloaded']","The number of non-valuable files Brennan downloaded in the first round is 70/100*800 = <<70/100*800=560>>560 files.
The number of valuable files Brennan downloaded in the first round is 800-560 = <<800-560=240>>240
When he downloaded 400 new files, there were 3/5*400= <<3/5*400=240>>240 non-useful files, which he deleted again.
The total number of valuable files he downloaded in the second round is 400-240 = <<400-240=160>>160
To write his research, Brennan had 160+240 = <<160+240=400>>400 useful files to reference to write his research.
The answer is 400",400.0,400.0
"There are 5 houses on a street, and each of the first four houses has 3 gnomes in the garden. If there are a total of 20 gnomes on the street, how many gnomes does the fifth house have?","[' There are 20 gnomes on the street, so there are 20 gnomes in the first four houses.\nThe fifth house has 3 gnomes in the garden, so there are 3 gnomes in the fifth house.\nThe answer is 3\n\nQ:', ' The first house has 3 gnomes, the second has 3 gnomes, the third has 3 gnomes, the fourth has 3 gnomes, and the fifth house also has 3 gnomes.\nThe answer is 3\n\nA:', ' There are 20 gnomes on the street.\nThe first house has 3 gnomes in the garden.\nThe second house has 3 gnomes in the garden.\nThe third house has 3 gnomes in the garden.\nThe fourth house has 3 gnomes in the garden.\nThe fifth house has 3 gnomes in the garden.\nThe fifth house has 20 gnomes in the street.\nThe fifth house has 3 gnomes in the garden.\nThe fifth house has 3 gnomes in the garden.\nThe fifth house']","In the first four houses, there are a total of 4 houses * 3 gnomes = <<4*3=12>>12 gnomes.
Therefore, the fifth house had 20 total gnomes – 12 gnomes = <<20-12=8>>8 gnomes.
The answer is 8",3.0,8.0
Mrs. Snyder used to spend 40% of her monthly income on rent and utilities. Her salary was recently increased by $600 so now her rent and utilities only amount to 25% of her monthly income. How much was her previous monthly income?,"[' Let x be the previous monthly income.\nWe know that the new monthly income is $600 more than the previous one.\nWe also know that the new rent and utilities amount to 25% of the monthly income.\nWe can say the new rent and utilities are x * 0.25.\nThus, the new rent and utilities are x * 0.25 + $600.\nThus, x * 0.25 + 600 = $600.\nThus, x * 0.25 = <<600/.25=', ' The new monthly income is $600 more than the old monthly income.\nThe new monthly rent and utilities are $600 less than the old monthly rent and utilities.\nThe new monthly rent and utilities are 25% of the new monthly income.\nThe new monthly rent and utilities are 25% of the old monthly income.\nThe old monthly income is $600 less than the new monthly income.\nThe old monthly income is 25% of the new monthly income.\n\nA:']","Let her previous monthly income be p
The cost of her rent and utilities was 40% of p which is (40/100)*p = 2p/5
Her income was increased by $600 so it is now p+$600
The cost of her rent and utilities now amount to 25% of (p+$600) which is (25/100)*(p+$600) = (p+$600)/4
Equating both expressions for cost of rent and utilities: 2p/5 = (p+$600)/4
Multiplying both sides of the equation by 20 gives 8p = 5p+$3000
Subtracting 5p from both sides gives: 3p = $3000
Dividing both sides by 3 gives p = $1000
The answer is 1000",25.0,1000.0
"Ann, Bill, Cate, and Dale each buy personal pan pizzas cut into 4 pieces. If Bill and Dale eat 50% of their pizzas and Ann and Cate eat 75% of the pizzas, how many pizza pieces are left uneaten?","[' Bill and Dale eat 50% of their pizza, so they eat 50% of 4 = 2 pieces.\nAnn and Cate eat 75% of their pizza, so they eat 75% of 4 = 3 pieces.\nSo, Bill and Dale ate 2 pieces, Ann and Cate ate 3 pieces.\nThe answer is 4 - (2+3) = <<4-3=1>>1 pizza piece left uneaten.\n\nQ:', ' Bill and Dale eat 50% of their pizzas so they eat 2/4 of their pizza.\nAnn and Cate eat 3/4 of their pizza so they eat 3/4 of their pizza.\nBill and Dale eat 2/4 of their pizza so they leave 2/4 of their pizza uneaten.\nAnn and Cate eat 3/4 of their pizza so they leave 3/4 of their pizza uneaten.\nSo, 2/4 + 3/4 + 2/4 + 3/4 = 4/4.\nSo, 4/4 = 1.\nThe answer is 1\n\n']","In total, there are 4 x 4 = <<4*4=16>>16 pizza pieces.
Bill and Dale eat 2 x 4 x 50% = <<2*4*50*.01=4>>4 pieces.
Ann and Cate eat 2 x 4 x 75% = <<2*4*75*.01=6>>6 pieces.
The four of them eat 4 + 6 = <<4+6=10>>10 pieces.
There are 16 - 10 = <<16-10=6>>6 pizza pieces uneaten.
The answer is 6",1.0,6.0
"Noah is a painter. He paints pictures and sells them at the park. He charges $60 for a large painting and $30 for a small painting. Last month he sold eight large paintings and four small paintings. If he sold twice as much this month, how much is his sales for this month?","[' Let L be the price for a large painting, and let S be the price for a small painting.\nWe know that Noah sold 8 large paintings and 4 small paintings for a total of 8*L + 4*L = <<8*4=32>>32L.\nIf he sold twice as much this month, then he sold 8 large paintings and 4 small paintings for a total of 8*L + 4*S = <<8*4=32>>32L + 4*S.\nIf he sold twice as', ' If Noah sold twice as much this month, he sold 8 large paintings and 4 small paintings this month.\nIf Noah sold 8 large paintings and 4 small paintings this month, then he sold 8 large paintings and 4 small paintings last month.\nIf Noah sells 8 large paintings and 4 small paintings last month, then he sold 8 large paintings and 4 small paintings last month.\nIf Noah sells 8 large paintings and 4 small paintings last month, then he sold 8 large paintings and 4 small paintings last month.\nIf']","Noah earned $60/large painting x 8 large paintings = $<<60*8=480>>480 for the large paintings.
He also earned $30/small painting x 4 small paintings = $<<30*4=120>>120 for the small paintings.
His total sales last month were $480 + $120 = $<<480+120=600>>600.
So, his sales this month are $600 x 2 = $<<600*2=1200>>1200.
The answer is 1200",4.0,1200.0
"A car is driving through a tunnel with many turns. After a while, the car must travel through a ring that requires a total of 4 right-hand turns. After the 1st turn, it travels 5 meters. After the 2nd turn, it travels 8 meters. After the 3rd turn, it travels a little further and at the 4th turn, it immediately exits the tunnel. If the car has driven a total of 23 meters around the ring, how far did it have to travel after the 3rd turn?","[' The distance traveled after the 3rd turn is 23 - 8 = 15 meters.\nThe distance traveled after the 4th turn is 15 - 5 = 10 meters.\nThe distance traveled after the 1st turn is 5 meters.\nThe distance traveled after the 2nd turn is 10 - 5 = 5 meters.\nThe distance traveled after the 3rd turn is 15 - 5 = 10 meters.\nThe distance traveled after the 4th turn is 10 - 5 = 5 meters.\nThe total distance traveled around the ring is 5 + 5 + 5 +', ' The car travels 5+8+5 = <<5+8+5=18>>18 meters after the 1st, 2nd, and 3rd turn respectively. The total distance traveled is 23 meters. Thus, the distance traveled after the 3rd turn is 23 - 18 = <<23-18=5>>5 meters.\nThe answer is 5 meters\n\nQ:', ' The car travels 23 meters after the 3rd turn.\nThe distance traveled after the 3rd turn is 23 meters.\nThe distance traveled after the 2nd turn is 8 meters.\nThe distance traveled after the 1st turn is 5 meters.\nThe distance traveled before the 3rd turn is 23 - 8 - 5 = <<23-8-5=8>>8 meters.\nThe distance traveled before the 3rd turn is 23 - 8 - 5 = <<23-8-5=5>>5 meters.\nThe answer is 5\n\nA:']","From the details given, the car has traveled 5 meters at the 1st turn + 8 meters after the 2nd turn + 0 meters after the 4th turn = <<5+8+0=13>>13 meters around the ring.
It must therefore have driven 23 total meters – 13 calculated meters = 10 meters after the 3rd turn.
The answer is 10",5.0,10.0
"To make pizza, together with other ingredients, Kimber needs 10 cups of water, 16 cups of flour, and 1/2 times as many teaspoons of salt as the number of cups of flour. Calculate the combined total number of cups of water, flour, and teaspoons of salt that she needs to make the pizza.","[' We know that 10 cups of water, 16 cups of flour, and 1/2 times as many teaspoons of salt as the number of cups of flour.\nWe know that 10 cups of water + 16 cups of flour + 1/2 times as many teaspoons of salt as the number of cups of flour.\nWe know that 10 cups of water + 16 cups of flour = <<10+16=26>>26 cups of water + flour.\nWe know that 1/2 times as many teaspo', ' The number of cups of flour is 16 cups.\nThe number of cups of water is 10 cups.\nThe number of teaspoons of salt is 10 cups * 1/2 teaspoons.\nThe combined total number of cups of water, flour, and teaspoons of salt that she needs to make the pizza is 10 cups + 16 cups + 10 cups * 1/2 teaspoons = <<10+16+(10*1/2)>>10+16+(10*1/2)']","To make the pizza, Kimber half as many teaspoons of salt as the number of cups of flour, meaning she needs 1/2*16 = <<16*1/2=8>>8 teaspoons of salt.
The total number of cups of flour and teaspoons of salt she needs is 8+16 = <<8+16=24>>24
She also needs 10 cups of water, which means the total number of cups of water and flour and teaspoons of salt she needs is 24+10 = <<24+10=34>>34
The answer is 34",2.0,34.0
"Mr. Sam shared a certain amount of money between his two sons, Ken and Tony. If Ken got $1750, and Tony got twice as much as Ken, how much was the money shared?","[' Let m be the amount of money shared between Ken and Tony.\nWe know that Ken got 1750, so 1750 = m/2.\nWe also know that Tony got twice as much as Ken, so Tony got m/2 + m/2 = m.\nSo, 1750 = m/2 + m.\nAnd, 1750 = m + m.\nSo, 1750 = 2 * m.\nFinally, m = <<2=2>>2.\nThe answer is 2', ' Let x be the amount shared.\nWe know that Ken gets $1750 and Tony got twice as much, so Tony gets $1750 * 2.\nThus, $1750 = x + (x * 2).\nAnd, $1750 = x + x * 2.\nSo, $1750 = 2x + x.\nAnd, $1750 = 2x + (x/2).\nSo, $1750 = 2x + x/2.\nAnd, $1750 = 2x + <<1=2']","Tony got twice $1750 which is 2*$1750 = $<<2*1750=3500>>3500
The total amount shared was $1750+$3500 = $<<1750+3500=5250>>5250
The answer is 5250",2.0,5250.0
Mr. Sanchez found out that 40% of his Grade 5  students got a final grade below B. How many of his students got a final grade of B and above if he has 60 students in Grade 5?,"[' Mr. Sanchez found out that 40% of his Grade 5 students got a final grade below B. So, 60% of his Grade 5 students got a final grade of B and above. So, 60% of his Grade 5 students are B and above.\nIf he has 60 students in Grade 5, then he has 60 * 60% = <<60 * 0.6=36>>36 students in Grade 5 who got a final grade of B and above.\nThe answer is 36\n\nQ:', ' 40% of 60 students is 24 students.\nSo, 60 - 24 = 36 students got a grade of B and above.\nThe answer is 36\n\nA:', ' 40% of 60 students = <<40/60=0.6>>0.6 students got a final grade below B.\n0.6 students got a final grade of B and above.\n60 students = <<60*0.6=36>>36 students got a final grade of B and above.\nThe answer is 36\n\nQ:']","Since 40% of his students got below B, 100% - 40% = 60% of Mr. Sanchez's students got B and above.
Thus, 60 x 60/100 = <<60*60/100=36>>36 students got B and above in their final grade.
The answer is 36",36.0,36.0
"Lisa, Jack, and Tommy earned $60 from washing cars all week. However, half of the $60 was earned by Lisa. Tommy earned half of what Lisa earned. How much more money did Lisa earn than Tommy?","[' Let x be the amount that Lisa earned.\nWe know that Lisa earned half of what Jack earned, so Jack earned $60 - x.\nWe also know that Tommy earned half of what Jack earned, so Jack and Tommy earned $60/2.\nThus, x + $60/2 = $60.\n$60 = x + (60/2) - x.\n$60 = 2x - x\n$60 = 2x.\nThus, x = <<60/2=30>>30.\nThe answer is 30', ' Lisa earned $60/2 = <<30>>30 and Tommy earned $30.\nLisa earned $30 more than Tommy.\n\nQ:', ' Lisa earns half of the $60, so she earns $30.\nTommy earns half of what Lisa earns, so he earns $15.\nLisa earned $30 more than Tommy.\nThe answer is 30\n\nQ:']","Lisa earned $60 * 1/2 = $<<60*1/2=30>>30.
Tommy earned $30 * 1/2 = $<<30*1/2=15>>15.
Lisa earned $30 - $15 = $<<30-15=15>>15 more than Tommy.
The answer is 15",30.0,15.0
Five friends eat at a fast-food chain and order the following: 5 pieces of hamburger that cost $3 each; 4 sets of French fries that cost $1.20; 5 cups of soda that cost $0.5 each; and 1 platter of spaghetti that cost $2.7. How much will each of them pay if they will split the bill equally?,"[' The cost of the 5 pieces of hamburger that cost $3 each = $3*5 = 15\nThe cost of the 4 sets of French fries that cost $1.20 each = $1.20*4 = $5.60\nThe cost of the 5 cups of soda that cost $0.5 each = $0.5*5 = 2.5\nThe cost of the 1 platter of spaghetti that cost $2.7 = $2.7*1 = 2.70\nThe total cost of the food', ' The cost of the hamburger is 5*3=15.\nThe cost of the fries is 4*(1.20) = 4*1.20 = 5.60.\nThe cost of the soda is 5*(0.5) = 5*0.5=2.5.\nThe cost of the spaghetti is 1*2.7 = 2.70.\nThe total cost is 15 + 5.60 + 2.5 + 2.70 = <<15+5.6+2.5+2.7', ' The cost of each hamburger is $3, so 5 hamburgers cost $15.\nThe cost of each French fry is $1.20, so 4 French fries cost $5.40.\nThe cost of each soda is $0.50, so 5 soda cost $2.50.\nThe cost of the spaghetti is $2.70, so 1 platter of spaghetti costs $2.70.\nThe total cost of the meal was $15 + $5.40 + $2.50 + $2.70']","The cost of 5 pieces of hamburger is $3 x 5 = $<<3*5=15>>15.
The cost of 4 sets of French fries is $1.20 x 4 = $<<1.20*4=4.80>>4.80.
The cost of 5 cups of soda is $0.5 x 5 = $<<0.5*5=2.50>>2.50.
So their total bill is $15 + $4.80 + $2.50 +$2.7 = $<<15+4.8+2.5+2.7=25>>25.
Hence, each of the five friends will contribute $25/5 = $<<25/5=5>>5.
The answer is 5",2.7,5.0
